Sample;Total;Mapped;Decoy;Dovetail;number of fragments filtered vm;Number of alignment below threshold;Percentage mapped;Number of fragments with concordant consistent mappings;Number of fragments with inconsistent or orphan mappings;Orphan
0hr Rep1;77218057;44201762;974258;2824551;8473721;84622659;57.24277937;42911769;1301877;3475050
0hr Rep2;82088817;48220654;1131487;3585914;9623296;101196364;58.74205009;46818900;1416039;3859727
2hr Rep1;78705504;37315152;1514134;3087236;10471439;121157647;47.41110863097961;36058029;1268567;3659101
2hr Rep2;36212059;20497020;414674;2090430;4463140;50240149;56.60274661542996;19945333;556502;1985236
24hr Rep1;47383920;25339842;772910;2520135;6359597;66075609;53.47772409;24541944;804108;2714681
24hr Rep2;70673497;41397839;701533;4509886;8622134;83500701;58.57618592;40264730;1143080;4033777
